<?xml version="1.0" encoding="UTF-8"?>
<AppProperties xmlns="http://www.toshibatec.co.jp/e-STUDIO/eApp/package"><AppId>00cdefab-068b-11e6-9463-008091aec8b8</AppId><AppProductId>A001.392.0002.000000000000</AppProductId><AppName>Interface App</AppName><AppVersion>1.0.5</AppVersion><AppCreatedDate>2017-09-18</AppCreatedDate><FrameworkVersion>1.0.0</FrameworkVersion><AppType>Home</AppType><AppType>Background</AppType><HasMySettingApp>True</HasMySettingApp><AppStartType>Manual</AppStartType><LicenseNecessity>NotRequired</LicenseNecessity><AppProgramLanguage>Python</AppProgramLanguage><WebAPIApp>True</WebAPIApp><AppSummary>QA Interface Test Tool</AppSummary><AllowedOemIds>00000</AllowedOemIds><BlocksSuperSleep>False</BlocksSuperSleep><HomeAppSSLIsRequired>False</HomeAppSSLIsRequired><AppButtonName1>Interface App</AppButtonName1><AppButtonName2/><VendorId>00000000</VendorId><VendorName>Toshiba TEC Corporation</VendorName><VendorURL>http://www.toshibatec.com/global</VendorURL><VendorPhoneNumber>Please contact your local sales representative.</VendorPhoneNumber><VendorEmailAddress>-</VendorEmailAddress><SupportsPython3>True</SupportsPython3><AutoAuthentication>Disable</AutoAuthentication></AppProperties>