<?xml version="1.0" encoding="UTF-8"?>
<AppProperties xmlns="http://www.toshibatec.co.jp/e-STUDIO/eApp/package"><AppId>66cdefab-068b-11e6-9463-ffffffffff00</AppId><AppName>WEBAPI JobTestApp</AppName><AppVersion>1.0.0</AppVersion><AppCreatedDate>2017-04-01</AppCreatedDate><FrameworkVersion>2.0.0</FrameworkVersion><AppType>Home</AppType><HasMySettingApp>False</HasMySettingApp><HasWebServerApp>False</HasWebServerApp><LicenseNecessity>NotRequired</LicenseNecessity><SupportsTrialPeriod>False</SupportsTrialPeriod><AppProgramLanguage>Python</AppProgramLanguage><SupportsPython3>True</SupportsPython3><WebAPIApp>True</WebAPIApp><AppSummary>Sample App for WEBAPI JobTestApp</AppSummary><AllowedOemIds>00000</AllowedOemIds><BlocksSuperSleep>False</BlocksSuperSleep><HomeAppSSLIsRequired>False</HomeAppSSLIsRequired><AppButtonName1>WEBAPI</AppButtonName1><AppButtonName2>TestHomeApp</AppButtonName2><VendorId>00000000</VendorId><VendorName>TOSHIBA TEC CORPORATION</VendorName><VendorURL>http://www.toshibatec.com/global</VendorURL><VendorPhoneNumber>Please contact your local sales representative.</VendorPhoneNumber><VendorEmailAddress>-</VendorEmailAddress></AppProperties>