<?xml version="1.0" encoding="UTF-8"?>
<!--Copyright 2012 TOSHIBA TEC CORPORATION All rights reserved-->
<Package>
	<Pre>
		<ProductDescription>
		<ProductType>TS20</ProductType>
		<Region>W</Region>
		</ProductDescription>
		<UpdateType>CompleteUpdate</UpdateType>
		<Services>
			<Stop>
			<name>alnsm</name>
			<name>altest</name>
			<name>alboserver</name>
			</Stop>
		</Services>
	</Pre>

	<Software ComponentCount="9">
           <Component Index="1"><name>HDD Package</name>
            <ExternalVersion>TS20SD0W1700</ExternalVersion>
            <RequiredVersion>O1000,R1000,X1000</RequiredVersion>
            <DisplayName>SYSTEM SOFTWARE</DisplayName>
            <File><hash>ItBhaFV9V63J7uxNNvGgCVGdIL8LZ+hLEmLlE3/UlMQEN0XNFCMW9qP0QxI0PZdV:XZT+2ZVwSmzs2AA9xCQpceJL9/P6wkRg4KDV3YlYyebAFLayE15XgVULU8vTAmRd:/Jypti8+G8UrpNNbCJRiOAWIk5EmG8lJ38qgJ7O55bI=</hash><date>1595497350</date><source>TS20SD0W1700.tar</source></File>
            <Post><Pause>false</Pause><rebootRequired>false</rebootRequired></Post>
        </Component>
		<Component Index="25"><name>MA Package</name>
			<ExternalVersion>TS20MA0W1700</ExternalVersion>
			<RequiredVersion>O1000,R1000,X1000</RequiredVersion>
			<DisplayName>SYSTEM SOFTWARE MA</DisplayName>
			<File><hash>ItBhaFV9V63J7uxNNvGgCVGdIL8LZ+hLEmLlE3/UlMQEN0XNFCMW9qP0QxI0PZdV:XZT+2ZVwSmzs2AA9xCQpceJL9/P6wkRg4KDV3YlYyebAFLayE15XgVULU8vTAmRd:/Jypti8+G8UrpNNbCJRiOAWIk5EmG8lJ38qgJ7O55bI=</hash><date>1595497350</date><source>TS20MA0W1700.tar</source></File>
			<Post><Pause>false</Pause><rebootRequired>false</rebootRequired></Post>
		</Component>
        <Component Index="26"><name>SD Package Specific</name>
        <ExternalVersion>TC11SD0W1700</ExternalVersion>
            <RequiredVersion>O1000,R1000,X1000</RequiredVersion>
            <DisplayName>SYSTEM SOFTWARE SPECIFIC</DisplayName>
            <File><hash>ItBhaFV9V63J7uxNNvGgCVGdIL8LZ+hLEmLlE3/UlMQEN0XNFCMW9qP0QxI0PZdV:XZT+2ZVwSmzs2AA9xCQpceJL9/P6wkRg4KDV3YlYyebAFLayE15XgVULU8vTAmRd:/Jypti8+G8UrpNNbCJRiOAWIk5EmG8lJ38qgJ7O55bI=</hash><date>1595497350</date><source>TC11SD0W1700.tar</source></File>
            <Post><Pause>false</Pause><rebootRequired>false</rebootRequired></Post>
        </Component>
		<Component Index="2"><name>Engine FW</name>
			<ExternalVersion>TK162MWWAT1</ExternalVersion>
			<RequiredVersion>O1000,R1000,X1000,E00</RequiredVersion>
			<DisplayName>ENGINE FIRMWARE</DisplayName>
			<File><hash>TRbK5Fy8jPCDDKn4w+eVrnGP7NZMEmDPiLdl30pkTlFyTl2nSAjuIJcLx/ZAW0f9:vq4GW2+ynFIC87wISaYUH9YqsutjpfKU4pubE698OYLhqO8vU+5IjFqNpjCRKa0B:atwxid1Z2xvQrLvtT6cZJTwVD1ihoAbw5RABOxayK4k=</hash><date>1595497350</date><source>TK162MWW.AT1</source></File>
			<Post><Pause>false</Pause><rebootRequired>false</rebootRequired></Post>
		</Component>
		<Component Index="3"><name>Scanner FW</name>
			<ExternalVersion>TK160SLGWW916</ExternalVersion>
			<RequiredVersion>O1000,R1000,X1000,S00</RequiredVersion>
			<DisplayName>SCANNER FIRMWARE</DisplayName>
			<File><hash>bA567LPUOfcAQbKAq6MWjfKMknHtpdt/+ztiE26TQiaYrpKpVYYhUKnEI4nx29jk:6ER7fxvcLkh6iQvy8YGRvftBqS87yvhlbXiaVMnOhjcci1uGNEtxtfqsH+F18wyj:LEjCcqmjMjONvvI5Icyo6BWDlU25wsGrWnEflns8aBg=</hash><date>1595497350</date><source>TK160SLGWW.916</source></File>
			<Post><Pause>false</Pause><rebootRequired>True</rebootRequired></Post>
		</Component>
		<Component Index="4"><name>DF FW</name>
			<ExternalVersion>H662DFWW920</ExternalVersion>
			<RequiredVersion>RADF,O1000,R1000,X1000,A00</RequiredVersion>
			<DisplayName>RADF FIRMWARE</DisplayName>
			<File><hash>gdiFnWngJNWRmYJfs1Ecy3rzS5KtcuKrS0ar91oCCJYpyloecUYl7pQuchnpOxFe:Ajr++tOysRivHJ5RwJACwyQtwK8fh7C5lkCjJKWXPbMbZxplGlTQ9ejPMf8ETpvs:ll9N0prOo2G5kuAF2oLPxFunIFNeZS1D/hrx/sYDUNI=</hash><date>1595497350</date><source>H662DFWW.920</source></File>
			<Post><Pause>false</Pause><rebootRequired>false</rebootRequired></Post>
		</Component>
		<Component Index="4"><name>DF FW</name>
			<ExternalVersion>H661DFWW920</ExternalVersion>
			<RequiredVersion>DSDF,O1000,R1000,X1000,A00</RequiredVersion>
			<DisplayName>DSDF FIRMWARE</DisplayName>
			<File><hash>a2lmLgyLFxYN4+BcxD6XPd2Wxi/hCkajASBkyaF5UzgltBv74i1AsuqpHI5ryo2H:XHx1nDmdN1WZfBmfopV1J5RTDoAM8Q1i/cQjIR/iOk+UG7R6jaXWKBCK5QmPngji:0KxHndI2rKirj9lZ3RxGcZmhtCpnBl1sMcEgJ7C1lzg=</hash><date>1595497350</date><source>H661DFWW.920</source></File>
			<Post><Pause>false</Pause><rebootRequired>false</rebootRequired></Post>
		</Component>
		<Component Index="22"><name>NIC FW</name> 
			<ExternalVersion>TP01NIC0W0112</ExternalVersion>
			<RequiredVersion>NIC00</RequiredVersion>
			<DisplayName>NIC FIRMWARE</DisplayName>
			<File><hash>bKJ2Vrf+oUi07sHMzStWDyQU0xlRFXY/sy9ijfADUmaNqJ2VnQiNAGf/AnQG93Sm:hxvQ9MTp6aRCAk4d7cZzVKURExXAyftR3ntPQMrJZzeMh5Q1OG66yb5AxgC4bzYR:eWOcOrFIVS50rVlC3L7maQejgq0eozMOIFRQ1oNpHVQ=</hash><date>1595497350</date><source>TP01NIC0W0112.tar</source></File>
			<Post><Pause>false</Pause><rebootRequired>false</rebootRequired></Post>
		</Component>
		<Component Index="23"><name>FAX FW</name> 
			<ExternalVersion>FAXH625TA12</ExternalVersion>
			<RequiredVersion>FAX00</RequiredVersion>
			<DisplayName>FAX FIRMWARE</DisplayName>
			<File><hash>UKLhwnZ9D/g8iHBrhy+YS6hjDDVHWhSzYxXl4wmAY3e6gNjN7shdyF9lIOewiKFa:BZvhAHnluGr4NBoJwZpX5LoXSg0HG9AIGnXdeTzeG1z8wC2eGmoDEUfswKLOQIIo:oEZpXVGp93U8Mk/tZ/qhxZ96GnXFqUnVNKHtpvbtIP8=</hash><date>1595497350</date><source>FAXH625TA12</source></File>
			<Post><Pause>false</Pause><rebootRequired>false</rebootRequired></Post>
		</Component>
	</Software>
	<Post>
		<RebootEngine>false</RebootEngine>
		<RebootSystem>true</RebootSystem>
	</Post>
	<SignatureType>Digital</SignatureType>
	<Algorithm>6</Algorithm>
	<Label Date="1595497350" Name="TS20ALL0W1700.tar" Description="eBX package" UUID="3434" hash="12192912919291" Version="1700"/>
	<PackageURI>/home</PackageURI>
</Package> 
