<?xml version="1.0" encoding="UTF-8"?>
<!--Copyright 2012 TOSHIBA TEC CORPORATION All rights reserved-->
<Package>
	<Pre>
		<ProductDescription>
		<ProductType>TS20</ProductType>
		<Region>W</Region>
		</ProductDescription>
		<UpdateType>CompleteUpdate</UpdateType>
		<Services>
			<Stop>
			<name>alnsm</name>
			<name>altest</name>
			<name>alboserver</name>
			</Stop>
		</Services>
	</Pre>

	<Software ComponentCount="9">
           <Component Index="1"><name>HDD Package</name>
            <ExternalVersion>TS20SD0W1700</ExternalVersion>
            <RequiredVersion>O1000,R1000,X1000</RequiredVersion>
            <DisplayName>SYSTEM SOFTWARE</DisplayName>
            <File><hash>Vj/SOttGBKd3q06SeP0w/XGete9PpjKaYwpRAWroPZFVTSxwT5HhR0b94rI2VcBs:g6svMovkJ5yY4bLtjnGQpwwlchtH4PQiPapye8JrjPl+JAJXVVCE1Gp9CDYvEJLr:gZ7JqnNRHmTi5etmdtoOEBw6m0LJ+v6pORgStEo4W2c=</hash><date>1595497350</date><source>TS20SD0W1700.tar</source></File>
            <Post><Pause>false</Pause><rebootRequired>false</rebootRequired></Post>
        </Component>
		<Component Index="25"><name>MA Package</name>
			<ExternalVersion>TS20MA0W1700</ExternalVersion>
			<RequiredVersion>O1000,R1000,X1000</RequiredVersion>
			<DisplayName>SYSTEM SOFTWARE MA</DisplayName>
			<File><hash>Vj/SOttGBKd3q06SeP0w/XGete9PpjKaYwpRAWroPZFVTSxwT5HhR0b94rI2VcBs:g6svMovkJ5yY4bLtjnGQpwwlchtH4PQiPapye8JrjPl+JAJXVVCE1Gp9CDYvEJLr:gZ7JqnNRHmTi5etmdtoOEBw6m0LJ+v6pORgStEo4W2c=</hash><date>1595497350</date><source>TS20MA0W1700.tar</source></File>
			<Post><Pause>false</Pause><rebootRequired>false</rebootRequired></Post>
		</Component>
        <Component Index="26"><name>SD Package Specific</name>
        <ExternalVersion>TC11SD0W1700</ExternalVersion>
            <RequiredVersion>O1000,R1000,X1000</RequiredVersion>
            <DisplayName>SYSTEM SOFTWARE SPECIFIC</DisplayName>
            <File><hash>Vj/SOttGBKd3q06SeP0w/XGete9PpjKaYwpRAWroPZFVTSxwT5HhR0b94rI2VcBs:g6svMovkJ5yY4bLtjnGQpwwlchtH4PQiPapye8JrjPl+JAJXVVCE1Gp9CDYvEJLr:gZ7JqnNRHmTi5etmdtoOEBw6m0LJ+v6pORgStEo4W2c=</hash><date>1595497350</date><source>TC11SD0W1700.tar</source></File>
            <Post><Pause>false</Pause><rebootRequired>false</rebootRequired></Post>
        </Component>
		<Component Index="2"><name>Engine FW</name>
			<ExternalVersion>TK162MWWAT1</ExternalVersion>
			<RequiredVersion>O1000,R1000,X1000,E00</RequiredVersion>
			<DisplayName>ENGINE FIRMWARE</DisplayName>
			<File><hash>dS+Vlp3QiV5DEs8tM3myIZR78gtM98435L5kWJgLWFnCDrTxuQxzjvkDawS16OOa:SRS5UBcr82XCHAcXdX4NNRWXdWrPilP+oJ7QaKiH1JJ1k1a6QOFiaEImHQFmdEte:Lc2yNBkHW7arUIzOD1ylZpsFd3TZVKLjGCJKpdhcQVw=</hash><date>1595497350</date><source>TK162MWW.AT1</source></File>
			<Post><Pause>false</Pause><rebootRequired>false</rebootRequired></Post>
		</Component>
		<Component Index="3"><name>Scanner FW</name>
			<ExternalVersion>TK160SLGWW916</ExternalVersion>
			<RequiredVersion>O1000,R1000,X1000,S00</RequiredVersion>
			<DisplayName>SCANNER FIRMWARE</DisplayName>
			<File><hash>qCvLBD+cSB5WweHrtb1k9uDVcilhFOH2gmClaIusUq38Zzlr2fJzsEUxv4HR5pct:CowVt6v9W/34UXaKkGoPuOYOW4xbbHBQtUvpxiYGOcZ2eO0/VmathHsW3Kk026OF:heywciFAsLryfzL4imAnqtNsfEsIiYx5jAK5eVrrXjk=</hash><date>1595497350</date><source>TK160SLGWW.916</source></File>
			<Post><Pause>false</Pause><rebootRequired>True</rebootRequired></Post>
		</Component>
		<Component Index="4"><name>DF FW</name>
			<ExternalVersion>H662DFWW920</ExternalVersion>
			<RequiredVersion>RADF,O1000,R1000,X1000,A00</RequiredVersion>
			<DisplayName>RADF FIRMWARE</DisplayName>
			<File><hash>pilZMs/gb/ebJfz9TxXOMOGrVguFQusZQIwVXuQSw+zPLE3AUPy2YCP8YpMYHkkZ:w0jQC7PYvd5R/econYj+XapJyE0H/Stc1jKs73hYWIy5pMMLn8328KSs4OY4eQLD:g24mAqDmJ56z70moEXhsgP1yCsHPV85J7cUyuqxLB68=</hash><date>1595497350</date><source>H662DFWW.920</source></File>
			<Post><Pause>false</Pause><rebootRequired>false</rebootRequired></Post>
		</Component>
		<Component Index="4"><name>DF FW</name>
			<ExternalVersion>H661DFWW920</ExternalVersion>
			<RequiredVersion>DSDF,O1000,R1000,X1000,A00</RequiredVersion>
			<DisplayName>DSDF FIRMWARE</DisplayName>
			<File><hash>SrMTzwcDInmFSSxIPvzniTb8UwPpa9DtTV/W+e2fzCpYMwJ8FuOKj+7a47hhiW9n:yRXir5gN7LWlMWbH9yhuThVLQSSN/56oCwFef7dseEBUoa/xpt0OLYXezjigEa6V:hL4IcifA8mAulTVCM66s/KM/+Dbcu5D8QtlRIRQz384=</hash><date>1595497350</date><source>H661DFWW.920</source></File>
			<Post><Pause>false</Pause><rebootRequired>false</rebootRequired></Post>
		</Component>
		<Component Index="22"><name>NIC FW</name> 
			<ExternalVersion>TP01NIC0W0112</ExternalVersion>
			<RequiredVersion>NIC00</RequiredVersion>
			<DisplayName>NIC FIRMWARE</DisplayName>
			<File><hash>cCy/4H3SSz6LX4lj9t/Iq2eQO7ExVNjYj0CUjGceXzl2zWBGOMFBOdSXj19DVWW2:LzznyaCwR2VYlRAcV5ow2AUxnHUr/fiu+WX+IQmRRzBqUXSB/fmZ0a/mzMIYLdIp:GjYkxcCzthOQnSI+CL2ocWdhXYZB/FxT04hSBTK7mbY=</hash><date>1595497350</date><source>TP01NIC0W0112.tar</source></File>
			<Post><Pause>false</Pause><rebootRequired>false</rebootRequired></Post>
		</Component>
		<Component Index="23"><name>FAX FW</name> 
			<ExternalVersion>FAXH625TA12</ExternalVersion>
			<RequiredVersion>FAX00</RequiredVersion>
			<DisplayName>FAX FIRMWARE</DisplayName>
			<File><hash>iW3PpigYHZQDLwaE+884goSOYu1lDkFmwl5GfEmWmuvN8rTwOGfywS6k5JBv24aF:M+0CFGNhmJ8C3Cy72/+1Tl9hsJ5bYE/3S3sO1Z+tM82zaFE9pWZTasLlT4rRBTeh:HMjrQ4Wf/wSBqpmfuOSNqcdHOEJzWpM6Blbc47t3nnk=</hash><date>1595497350</date><source>FAXH625TA12</source></File>
			<Post><Pause>false</Pause><rebootRequired>false</rebootRequired></Post>
		</Component>
	</Software>
	<Post>
		<RebootEngine>false</RebootEngine>
		<RebootSystem>true</RebootSystem>
	</Post>
	<SignatureType>Digital</SignatureType>
	<Algorithm>8</Algorithm>
	<Label Date="1595497350" Name="TS20ALL0W1700.tar" Description="eBX package" UUID="3434" hash="12192912919291" Version="1700"/>
	<PackageURI>/home</PackageURI>
</Package> 
