<?xml version="1.0" encoding="utf-8"?>
<AppConfDef xmlns="http://www.toshibatec.co.jp/e-STUDIO/eApp/configuration">
    <Section name="Config">
        <Label>Config Setting</Label>
        <Description>Config Setting for QA Tool</Description>
		<TextTypeSetting name="DisplayText" maxLength = "255">
            <Label>URL</Label>
            <Description>xxxxx</Description>
            <DefaultValue>http://www.google.co.jp</DefaultValue>
            
            
        </TextTypeSetting>
        <IntTypeSetting name="IntervalTime">
            <Label>Output File</Label>
            <Description>IntervalTime for Application</Description>
            <DefaultValue>1</DefaultValue>
        </IntTypeSetting>
        <TextTypeSetting name="HomeApp" maxLength = "255">
            <Label>Access Token</Label>
            <Description>xxxxx</Description>
            <DefaultValue>Home_123456</DefaultValue>
            
            
        </TextTypeSetting>
        <TextTypeSetting name="SettingApp" maxLength="255">
            <Label>Access Token</Label>
            <Description>xxxxx</Description>
            <DefaultValue>Setting_123456</DefaultValue>
           
            
        </TextTypeSetting>
        <TextTypeSetting name="BackgroundApp" maxLength = "255">
            <Label>Access Token</Label>
            <Description>xxxxx</Description>
            <DefaultValue>BG_123456</DefaultValue>
            
            
        </TextTypeSetting>
    </Section>
    <Section name="TestSetting">
			<Label>Test Config Setting</Label>
			<Description>Test Config Setting for Sample Application</Description>
			<TextTypeSetting name="TestString" maxLength = "255">
				<Label>TestSring</Label>
				<Description>xxxxx</Description>
				<DefaultValue>abc</DefaultValue>
				
				
			</TextTypeSetting>
			<BooleanTypeSetting name="TestBool">
				<DefaultValue>True</DefaultValue>
			</BooleanTypeSetting>
			<IntTypeSetting name="TestInt">
				<DefaultValue>1234</DefaultValue>
			</IntTypeSetting>
			<FloatTypeSetting name="TestFloat">
				<DefaultValue>4.2</DefaultValue>
			</FloatTypeSetting>
			<ListTypeSetting name="TestList">
				<DefaultListItem> 1 </DefaultListItem>
				<DefaultListItem> 2 </DefaultListItem>
				<DefaultListItem> 3 </DefaultListItem>
			</ListTypeSetting>
			<EnumTypeSetting name="TestEnum">	
				<DefaultValue>0</DefaultValue>
				<EnumValue value = "0"/>
				<EnumValue value = "1"/>
				<EnumValue value = "2"/>
			</EnumTypeSetting>			 
		</Section>

</AppConfDef>
