<?xml version="1.0" encoding="UTF-8"?>
    <AppProperties xmlns="http://www.toshibatec.co.jp/e-STUDIO/eApp/package">
        <AppId>00cdefbb-068b-11e6-9463-ffffffffff00</AppId>
        <AppName>EmbAPI LiveCall App</AppName>
        <AppVersion>1.0.8</AppVersion>
        <AppCreatedDate>2019-10-14</AppCreatedDate>
        <FrameworkVersion>1.0.0</FrameworkVersion>
        <AppType>Home</AppType>
        <AppType>Background</AppType>
        <AppStartType>Manual</AppStartType>
        <HasMySettingApp>True</HasMySettingApp>
        <LicenseNecessity>NotRequired</LicenseNecessity>
        <AppProgramLanguage>Python</AppProgramLanguage>
        <SupportsPython3>True</SupportsPython3>
        <WebAPIApp>True</WebAPIApp>
        <AppSummary>EmbAPI LiveCall Test Tool</AppSummary>
        <AllowedOemIds>00000</AllowedOemIds>
        <BlocksSuperSleep>False</BlocksSuperSleep>
        <HomeAppSSLIsRequired>False</HomeAppSSLIsRequired>
        <AppButtonName1>EmbAPI LiveCall</AppButtonName1>
        <AppButtonName2>Application</AppButtonName2>
        <VendorId>00000000</VendorId>
        <VendorName>Toshiba TEC Corporation</VendorName>
        <VendorURL>http://www.toshibatec.com/global</VendorURL>
        <VendorPhoneNumber>Please contact your local sales representative.</VendorPhoneNumber>
        <VendorEmailAddress>-</VendorEmailAddress>
    </AppProperties>